<?xml version="1.0" encoding="utf-8"?>
<odoo>
    <data>
        <record id="group_hr_referral_user" model="res.groups">
            <field name="name">Hr Referral User</field>
            <field name="implied_ids" eval="[(4, ref('base.group_user'))]"/>
        </record>

        <record id="group_hr_referral_manager" model="res.groups">
            <field name="name">Hr Referral Manager</field>
            <field name="implied_ids" eval="[(4, ref('group_hr_referral_user'))]"/>
            <field name="users" eval="[(4, ref('base.user_root')), (4, ref('base.user_admin'))]"/>
        </record>
    </data>
</odoo>